<?xml version="1.0" encoding="UTF-8"?>
<project-private xmlns="http://www.netbeans.org/ns/project-private/1">
    <editor-bookmarks xmlns="http://www.netbeans.org/ns/editor-bookmarks/2" lastBookmarkId="0"/>
    <open-files xmlns="http://www.netbeans.org/ns/projectui-open-files/2">
        <group>
            <file>file:/D:/One%20Drive/OneDrive/Documentos/Github/Topic/TopicosPunto/Restaurante/src/Pantallas/Cocteles.java</file>
            <file>file:/D:/One%20Drive/OneDrive/Documentos/Github/Topic/TopicosPunto/Restaurante/src/Pantallas/LoginEmpleados.java</file>
            <file>file:/D:/One%20Drive/OneDrive/Documentos/Github/Topic/TopicosPunto/Restaurante/src/Pantallas/Entradas.java</file>
            <file>file:/D:/One%20Drive/OneDrive/Documentos/Github/Topic/TopicosPunto/Restaurante/src/Pantallas/PantallaPrincipal.java</file>
            <file>file:/D:/One%20Drive/OneDrive/Documentos/Github/Topic/TopicosPunto/Restaurante/src/Pantallas/PlatosFuertes.java</file>
        </group>
    </open-files>
</project-private>
